sex,G1,G2,G3
F,11.637075718015666,11.822454308093995,12.2532637075718
M,11.056390977443609,11.206766917293233,11.406015037593985
