sex,G1,G2,G3
F,10.620192307692308,10.389423076923077,9.966346153846153
M,11.229946524064172,11.074866310160427,10.914438502673796
